{
  "accuracy": [
    0.3632555305957794,
    0.4440454840660095,
    0.4829443395137787,
    0.4398563802242279,
    0.4841412305831909,
    0.5038898587226868,
    0.5326151847839355,
    0.5595451593399048,
    0.5930580496788025,
    0.5774984955787659,
    0.5876720547676086,
    0.5972471833229065,
    0.6301615834236145,
    0.6337522268295288,
    0.6427289247512817,
    0.6612806916236877,
    0.6732495427131653,
    0.6642729043960571,
    0.6876122355461121,
    0.6810293197631836,
    0.6929982304573059,
    0.7223219871520996,
    0.7175344228744507,
    0.7115499973297119,
    0.7318970561027527,
    0.7301017642021179,
    0.739676833152771
  ],
  "loss": [
    1.7389922142028809,
    1.39382803440094,
    1.2929641008377075,
    1.3639800548553467,
    1.2961076498031616,
    1.2082606554031372,
    1.176906943321228,
    1.1275277137756348,
    1.0455563068389893,
    1.0852924585342407,
    1.0185904502868652,
    1.0536589622497559,
    0.9856460094451904,
    0.9660785794258118,
    0.9156891703605652,
    0.9056246280670166,
    0.8780914545059204,
    0.8828879594802856,
    0.8336713314056396,
    0.8271978497505188,
    0.7889649271965027,
    0.7435917258262634,
    0.7646238207817078,
    0.7333562970161438,
    0.7242689728736877,
    0.7018486857414246,
    0.6946547627449036
  ],
  "val_accuracy": [
    0.21008403599262238,
    0.24929971992969513,
    0.24929971992969513,
    0.24929971992969513,
    0.19887955486774445,
    0.2885154187679291,
    0.2380952388048172,
    0.3781512677669525,
    0.24929971992969513,
    0.5378151535987854,
    0.42016807198524475,
    0.29411765933036804,
    0.529411792755127,
    0.48739495873451233,
    0.4425770342350006,
    0.4285714328289032,
    0.48179271817207336,
    0.605042040348053,
    0.7142857313156128,
    0.67507004737854,
    0.6442577242851257,
    0.6022409200668335,
    0.5546218752861023,
    0.6554622054100037,
    0.6610644459724426,
    0.6330532431602478,
    0.6554622054100037
  ],
  "val_loss": [
    1.806686282157898,
    2.1123404502868652,
    2.091003179550171,
    2.162898302078247,
    1.8394598960876465,
    1.5764156579971313,
    1.7324758768081665,
    1.557356595993042,
    1.7346218824386597,
    1.15146803855896,
    1.294771432876587,
    1.9049549102783203,
    1.7178452014923096,
    2.057739496231079,
    3.2321178913116455,
    3.6955878734588623,
    1.3898242712020874,
    0.954239010810852,
    0.6857693791389465,
    0.9123119115829468,
    1.0261240005493164,
    1.3390558958053589,
    1.4270976781845093,
    0.9259665608406067,
    0.8272715210914612,
    0.9562085866928101,
    0.8998229503631592
  ],
  "learning_rate": [
    0.0010000000474974513,
    0.0010000000474974513,
    0.0010000000474974513,
    0.0010000000474974513,
    0.0010000000474974513,
    0.0005000000237487257,
    0.0005000000237487257,
    0.0005000000237487257,
    0.0005000000237487257,
    0.0005000000237487257,
    0.0005000000237487257,
    0.0005000000237487257,
    0.0005000000237487257,
    0.0005000000237487257,
    0.0002500000118743628,
    0.0002500000118743628,
    0.0002500000118743628,
    0.0002500000118743628,
    0.0002500000118743628,
    0.0002500000118743628,
    0.0002500000118743628,
    0.0002500000118743628,
    0.0002500000118743628,
    0.0001250000059371814,
    0.0001250000059371814,
    0.0001250000059371814,
    0.0001250000059371814
  ],
  "test_accuracy": 0.6961326003074646,
  "test_loss": 0.7506423592567444
}