{
  "accuracy": [
    0.5667265057563782,
    0.7312986254692078,
    0.7558348178863525,
    0.8007181286811829,
    0.8126870393753052,
    0.8240574598312378,
    0.8240574598312378,
    0.8354278802871704,
    0.8408138751983643,
    0.8420107960700989,
    0.8635547757148743,
    0.8581687808036804,
    0.8767205476760864,
    0.8605625629425049,
    0.8815080523490906,
    0.7456612586975098,
    0.7654099464416504,
    0.7857570052146912,
    0.8007181286811829,
    0.795332133769989,
    0.8049072623252869,
    0.8120885491371155,
    0.8114901185035706,
    0.8049072623252869
  ],
  "loss": [
    1.203256607055664,
    0.7290143966674805,
    0.6551174521446228,
    0.5528264045715332,
    0.5159467458724976,
    0.486020028591156,
    0.47797736525535583,
    0.4246584475040436,
    0.41324228048324585,
    0.42500272393226624,
    0.3797959089279175,
    0.35149332880973816,
    0.32657429575920105,
    0.35552966594696045,
    0.3382672965526581,
    0.7260608673095703,
    0.6636145710945129,
    0.6086429357528687,
    0.5367884635925293,
    0.5555402636528015,
    0.5456547737121582,
    0.5103846192359924,
    0.5264012217521667,
    0.5014957189559937
  ],
  "val_accuracy": [
    0.6834734082221985,
    0.7731092572212219,
    0.7731092572212219,
    0.7450980544090271,
    0.7787114977836609,
    0.8067227005958557,
    0.8151260614395142,
    0.8179271817207336,
    0.8235294222831726,
    0.8095238208770752,
    0.8067227005958557,
    0.8207283020019531,
    0.8263305425643921,
    0.8207283020019531,
    0.8179271817207336,
    0.843137264251709,
    0.8263305425643921,
    0.8095238208770752,
    0.8039215803146362,
    0.8067227005958557,
    0.8095238208770752,
    0.7983193397521973,
    0.8011204600334167,
    0.8123249411582947
  ],
  "val_loss": [
    0.7638657689094543,
    0.6446225643157959,
    0.580737829208374,
    0.6173852682113647,
    0.5324226021766663,
    0.4821871817111969,
    0.49361810088157654,
    0.47665563225746155,
    0.4912566840648651,
    0.5284579396247864,
    0.4796983003616333,
    0.4645432233810425,
    0.4492014944553375,
    0.47737377882003784,
    0.5037796497344971,
    0.4362858235836029,
    0.5098039507865906,
    0.5720685124397278,
    0.6288102269172668,
    0.6399588584899902,
    0.6408882737159729,
    0.6359595060348511,
    0.6262226104736328,
    0.6212810277938843
  ],
  "learning_rate": [
    0.0010000000474974513,
    0.0010000000474974513,
    0.0010000000474974513,
    0.0010000000474974513,
    0.0010000000474974513,
    0.0010000000474974513,
    0.0010000000474974513,
    0.0010000000474974513,
    0.0010000000474974513,
    0.0010000000474974513,
    0.0010000000474974513,
    0.0005000000237487257,
    0.0005000000237487257,
    0.0005000000237487257,
    0.0005000000237487257,
    9.999999747378752e-06,
    9.999999747378752e-06,
    9.999999747378752e-06,
    9.999999747378752e-06,
    9.999999747378752e-06,
    4.999999873689376e-06,
    4.999999873689376e-06,
    4.999999873689376e-06,
    4.999999873689376e-06
  ],
  "test_accuracy": 0.8204419612884521,
  "test_loss": 0.5545859336853027,
  "phase2_start": 15
}